{
    "bytes_10_000": {
        "run_0": {
            "n_ms_native": 1.6182220000000598,
            "n_ms_wasm": 1.0225459999999202
        }
    },
    "bytes_100_000": {
        "run_0": {
            "n_ms_native": 0.46737800000005336,
            "n_ms_wasm": 0.9605969999997797
        }
    },
    "bytes_1_000_000": {
        "run_0": {
            "n_ms_native": 4.568945999999869,
            "n_ms_wasm": 5.031574999999975
        }
    },
    "bytes_10_000_000": {
        "run_0": {
            "n_ms_native": 47.00799899999993,
            "n_ms_wasm": 35.80022000000008
        }
    },
    "bytes_100_000_000": {
        "run_0": {
            "n_ms_native": 251.80386099999987,
            "n_ms_wasm": 284.651331
        }
    },
    "bytes_1_000_000_000": {
        "run_0": {
            "n_ms_native": 2510.0286490000003,
            "n_ms_wasm": 2819.449399
        }
    },
    "bytes_2_621_440_000": {
        "run_0": {
            "n_ms_native": 3757.8748130000004,
            "n_ms_wasm": 4373.626326
        }
    }
}