{
    "bytes_10_000": {
        "run_0": {
            "n_ms_native": 0.9845530000000053,
            "n_ms_wasm": 0.7531679999999596
        },
        "run_1": {
            "n_ms_native": 0.01417799999944691,
            "n_ms_wasm": 0.02772700000059558
        },
        "run_2": {
            "n_ms_native": 0.05119399999966845,
            "n_ms_wasm": 0.024235000000771834
        },
        "run_3": {
            "n_ms_native": 0.036736000001837965,
            "n_ms_wasm": 0.021440999997139443
        },
        "run_4": {
            "n_ms_native": 0.036806000003707595,
            "n_ms_wasm": 0.021651000002748333
        },
        "run_5": {
            "n_ms_native": 0.03624699999636505,
            "n_ms_wasm": 0.020953000013832934
        },
        "run_6": {
            "n_ms_native": 0.03722600000037346,
            "n_ms_wasm": 0.02060300001176074
        },
        "run_7": {
            "n_ms_native": 0.036806000003707595,
            "n_ms_wasm": 0.020813000010093674
        },
        "run_8": {
            "n_ms_native": 0.03680599998915568,
            "n_ms_wasm": 0.021371000009821728
        },
        "run_9": {
            "n_ms_native": 0.03666700000758283,
            "n_ms_wasm": 0.023816000000806525
        }
    },
    "bytes_100_000": {
        "run_0": {
            "n_ms_native": 1.5906350000000202,
            "n_ms_wasm": 0.5481139999999414
        },
        "run_1": {
            "n_ms_native": 0.09777800000119896,
            "n_ms_wasm": 0.1571429999985412
        },
        "run_2": {
            "n_ms_native": 0.16147300000011455,
            "n_ms_wasm": 0.1535809999986668
        },
        "run_3": {
            "n_ms_native": 0.3362150000029942,
            "n_ms_wasm": 0.15176500000234228
        },
        "run_4": {
            "n_ms_native": 0.33635599999979604,
            "n_ms_wasm": 0.1523940000042785
        },
        "run_5": {
            "n_ms_native": 0.3362160000106087,
            "n_ms_wasm": 0.15400000000954606
        },
        "run_6": {
            "n_ms_native": 0.3401270000031218,
            "n_ms_wasm": 0.16231100000732113
        },
        "run_7": {
            "n_ms_native": 0.3394280000065919,
            "n_ms_wasm": 0.15260299999499694
        },
        "run_8": {
            "n_ms_native": 0.34592399999382906,
            "n_ms_wasm": 0.15225399998598732
        },
        "run_9": {
            "n_ms_native": 0.3501140000007581,
            "n_ms_wasm": 0.15609599999152124
        }
    },
    "bytes_1_000_000": {
        "run_0": {
            "n_ms_native": 2.5478100000000268,
            "n_ms_wasm": 2.8224259999999504
        },
        "run_1": {
            "n_ms_native": 0.9686989999991056,
            "n_ms_wasm": 1.5206550000002608
        },
        "run_2": {
            "n_ms_native": 1.5619999999980791,
            "n_ms_wasm": 1.5223299999997835
        },
        "run_3": {
            "n_ms_native": 3.386044999999285,
            "n_ms_wasm": 1.541956000000937
        },
        "run_4": {
            "n_ms_native": 3.366838000001735,
            "n_ms_wasm": 1.511435000000347
        },
        "run_5": {
            "n_ms_native": 3.375079999997979,
            "n_ms_wasm": 1.519536000007065
        },
        "run_6": {
            "n_ms_native": 3.356991000007838,
            "n_ms_wasm": 1.5170229999930598
        },
        "run_7": {
            "n_ms_native": 3.3703310000128113,
            "n_ms_wasm": 1.5083620000077644
        },
        "run_8": {
            "n_ms_native": 3.4002930000133347,
            "n_ms_wasm": 1.515903999999864
        },
        "run_9": {
            "n_ms_native": 3.350287000008393,
            "n_ms_wasm": 1.5457970000279602
        }
    },
    "bytes_10_000_000": {
        "run_0": {
            "n_ms_native": 25.484105,
            "n_ms_wasm": 28.19352700000013
        },
        "run_1": {
            "n_ms_native": 9.633766999999352,
            "n_ms_wasm": 15.46711999999934
        },
        "run_2": {
            "n_ms_native": 33.816308999998,
            "n_ms_wasm": 15.367874999999913
        },
        "run_3": {
            "n_ms_native": 33.75862000000052,
            "n_ms_wasm": 15.378979999994044
        },
        "run_4": {
            "n_ms_native": 33.721953999993275,
            "n_ms_wasm": 15.333513000005041
        },
        "run_5": {
            "n_ms_native": 33.85171800000535,
            "n_ms_wasm": 15.786642999999458
        },
        "run_6": {
            "n_ms_native": 33.6252930000046,
            "n_ms_wasm": 15.297124999997322
        },
        "run_7": {
            "n_ms_native": 33.59679799999867,
            "n_ms_wasm": 15.309557000000495
        },
        "run_8": {
            "n_ms_native": 33.65085500001442,
            "n_ms_wasm": 15.29635699998471
        },
        "run_9": {
            "n_ms_native": 34.844232999981614,
            "n_ms_wasm": 15.562732999998843
        }
    },
    "bytes_100_000_000": {
        "run_0": {
            "n_ms_native": 253.15242599999988,
            "n_ms_wasm": 286.4850839999999
        },
        "run_1": {
            "n_ms_native": 97.89121300000079,
            "n_ms_wasm": 152.0596889999997
        },
        "run_2": {
            "n_ms_native": 337.62922400000025,
            "n_ms_wasm": 152.6128319999989
        },
        "run_3": {
            "n_ms_native": 337.143548,
            "n_ms_wasm": 152.88786699999764
        },
        "run_4": {
            "n_ms_native": 336.4837570000018,
            "n_ms_wasm": 152.333117999995
        },
        "run_5": {
            "n_ms_native": 337.5871790000092,
            "n_ms_wasm": 153.12295200000517
        },
        "run_6": {
            "n_ms_native": 336.28463999999803,
            "n_ms_wasm": 152.28325100000075
        },
        "run_7": {
            "n_ms_native": 335.8873820000008,
            "n_ms_wasm": 153.163321
        },
        "run_8": {
            "n_ms_native": 336.6559160000179,
            "n_ms_wasm": 153.89693399998941
        },
        "run_9": {
            "n_ms_native": 337.2235150000197,
            "n_ms_wasm": 154.08564499998465
        }
    },
    "bytes_1_000_000_000": {
        "run_0": {
            "n_ms_native": 2521.9860339999996,
            "n_ms_wasm": 2820.7534060000007
        },
        "run_1": {
            "n_ms_native": 973.2779580000006,
            "n_ms_wasm": 1528.2162949999984
        },
        "run_2": {
            "n_ms_native": 3367.069137999999,
            "n_ms_wasm": 1528.0846440000023
        },
        "run_3": {
            "n_ms_native": 3371.568941999998,
            "n_ms_wasm": 1531.911248000004
        },
        "run_4": {
            "n_ms_native": 3369.5293669999955,
            "n_ms_wasm": 1537.8737379999948
        },
        "run_5": {
            "n_ms_native": 3372.025284999996,
            "n_ms_wasm": 1525.7189809999982
        },
        "run_6": {
            "n_ms_native": 3368.867062999998,
            "n_ms_wasm": 1532.068671000001
        },
        "run_7": {
            "n_ms_native": 3359.546254999994,
            "n_ms_wasm": 1535.316709000006
        },
        "run_8": {
            "n_ms_native": 3364.185950999992,
            "n_ms_wasm": 1525.3489620000182
        },
        "run_9": {
            "n_ms_native": 3366.1268400000117,
            "n_ms_wasm": 1525.3694949999917
        }
    },
    "bytes_2_621_440_000": {
        "run_0": {
            "n_ms_native": 3934.4150579999987,
            "n_ms_wasm": 4378.047977999999
        },
        "run_1": {
            "n_ms_native": 2841.0314020000005,
            "n_ms_wasm": 4006.0353339999965
        },
        "run_2": {
            "n_ms_native": 8821.568453,
            "n_ms_wasm": 4018.769494
        },
        "run_3": {
            "n_ms_native": 8827.239005000003,
            "n_ms_wasm": 4013.4235629999966
        },
        "run_4": {
            "n_ms_native": 8834.125495,