{
    "o_u16_elements_10_000": {
        "o_run_0": {
            "n_ms_native": 0.9107819999999265,
            "n_ms_wasm": 0.5045729999999367
        },
        "o_run_1": {
            "n_ms_native": 0.08442700000000514,
            "n_ms_wasm": 0.03216999999995096
        },
        "o_run_2": {
            "n_ms_native": 0.03286200000002282,
            "n_ms_wasm": 0.03625800000008894
        },
        "o_run_3": {
            "n_ms_native": 0.03323199999999815,
            "n_ms_wasm": 0.02973599999995713
        },
        "o_run_4": {
            "n_ms_native": 0.045475000000124055,
            "n_ms_wasm": 0.04171799999994619
        },
        "o_run_5": {
            "n_ms_native": 0.03355199999987235,
            "n_ms_wasm": 0.03306199999997261
        },
        "o_run_6": {
            "n_ms_native": 0.03323199999999815,
            "n_ms_wasm": 0.02772200000003977
        },
        "o_run_7": {
            "n_ms_native": 0.03574699999990116,
            "n_ms_wasm": 0.0379809999999452
        },
        "o_run_8": {
            "n_ms_native": 0.04191800000035073,
            "n_ms_wasm": 0.02820300000030329
        },
        "o_run_9": {
            "n_ms_native": 0.03257099999973434,
            "n_ms_wasm": 0.028373000000101456
        },
        "o_mean": {
            "n_mean_native": 0.12837979999999333,
            "n_mean_wasm": 0.07997960000002421
        }
    },
    "o_u16_elements_100_000": {
        "o_run_0": {
            "n_ms_native": 0.6711839999998119,
            "n_ms_wasm": 0.3667760000000726
        },
        "o_run_1": {
            "n_ms_native": 0.21840899999983776,
            "n_ms_wasm": 0.13500199999998586
        },
        "o_run_2": {
            "n_ms_native": 0.2204420000000482,
            "n_ms_wasm": 0.1366250000000946
        },
        "o_run_3": {
            "n_ms_native": 0.24239299999999275,
            "n_ms_wasm": 0.1419549999998253
        },
        "o_run_4": {
            "n_ms_native": 0.2416320000002088,
            "n_ms_wasm": 0.15907700000002478
        },
        "o_run_5": {
            "n_ms_native": 0.24325500000009015,
            "n_ms_wasm": 0.138278999999784
        },
        "o_run_6": {
            "n_ms_native": 0.22167500000000473,
            "n_ms_wasm": 0.1387889999998606
        },
        "o_run_7": {
            "n_ms_native": 0.23734300000023723,
            "n_ms_wasm": 0.15232400000013513
        },
        "o_run_8": {
            "n_ms_native": 0.22456000000011045,
            "n_ms_wasm": 0.13882999999987078
        },
        "o_run_9": {
            "n_ms_native": 0.22071200000027602,
            "n_ms_wasm": 0.13804799999979878
        },
        "o_mean": {
            "n_mean_native": 0.2741605000000618,
            "n_mean_wasm": 0.16457049999994525
        }
    },
    "o_u16_elements_1_000_000": {
        "o_run_0": {
            "n_ms_native": 3.612220999999863,
            "n_ms_wasm": 3.3780839999999444
        },
        "o_run_1": {
            "n_ms_native": 2.175997000000052,
            "n_ms_wasm": 1.2920939999999064
        },
        "o_run_2": {
            "n_ms_native": 2.137944999999945,
            "n_ms_wasm": 1.319975999999997
        },
        "o_run_3": {
            "n_ms_native": 2.177360000000135,
            "n_ms_wasm": 1.3746390000001156
        },
        "o_run_4": {
            "n_ms_native": 2.2026260000002367,
            "n_ms_wasm": 1.374208999999837
        },
        "o_run_5": {
            "n_ms_native": 2.1449589999999716,
            "n_ms_wasm": 1.2670079999998052
        },
        "o_run_6": {
            "n_ms_native": 2.207004999999981,
            "n_ms_wasm": 1.314766999999847
        },
        "o_run_7": {
            "n_ms_native": 2.180605999999898,
            "n_ms_wasm": 1.427527999999711
        },
        "o_run_8": {
            "n_ms_native": 2.1491980000000694,
            "n_ms_wasm": 1.3350749999999607
        },
        "o_run_9": {
            "n_ms_native": 2.132194999999683,
            "n_ms_wasm": 1.4063179999998283
        },
        "o_mean": {
            "n_mean_native": 2.3120111999999837,
            "n_mean_wasm": 1.5489697999998953
        }
    },
    "o_u16_elements_10_000_000": {
        "o_run_0": {
            "n_ms_native": 35.26370700000007,
            "n_ms_wasm": 25.991749000000027
        },
        "o_run_1": {
            "n_ms_native": 21.789735000000064,
            "n_ms_wasm": 14.008691999999883
        },
        "o_run_2": {
            "n_ms_native": 21.8421229999999,
            "n_ms_wasm": 14.159885000000031
        },
        "o_run_3": {
            "n_ms_native": 22.267748999999867,
            "n_ms_wasm": 14.471336999999949
        },
        "o_run_4": {
            "n_ms_native": 22.007542000000058,
            "n_ms_wasm": 14.451118999999835
        },
        "o_run_5": {
            "n_ms_native": 22.35296799999992,
            "n_ms_wasm": 14.02449200000001
        },
        "o_run_6": {
            "n_ms_native": 22.207405999999764,
            "n_ms_wasm": 13.906490999999733
        },
        "o_run_7": {
            "n_ms_native": 22.42513199999985,
            "n_ms_wasm": 14.181284999999662
        },
        "o_run_8": {
            "n_ms_native": 22.144518000000062,
            "n_ms_wasm": 13.743838000000324
        },
        "o_run_9": {
            "n_ms_native": 22.17367299999978,
            "n_ms_wasm": 13.858701999999994
        },
        "o_mean": {
            "n_mean_native": 23.447455299999934,
            "n_mean_wasm": 15.279758999999945
        }
    },
    "o_u16_elements_20_000_000": {
        "o_run_0": {
            "n_ms_native": 67.79828500000008,
            "n_ms_wasm": 41.15731300000016
        },
        "o_run_1": {
            "n_ms_native": 43.43083200000001,
            "n_ms_wasm": 28.189595999999938
        },
        "o_run_2": {
            "n_ms_native": 44.033458999999766,
            "n_ms_wasm": 29.06973199999993
        },
        "o_run_3": {
            "n_ms_native": 49.39962800000012,
            "n_ms_wasm": 29.350896999999804
        },
        "o_run_4": {
            "n_ms_native": 44.185533999999734,
            "n_ms_wasm": 28.083308000000216
        },
        "o_run_5": {
            "n_ms_native": 44.24557499999992,
            "n_ms_wasm": 27.8361460000001
        },
        "o_run_6": {
            "n_ms_native": 44.240686000000096,
            "n_ms_wasm": 27.44714900000008
        },
        "o_run_7": {
            "n_ms_native": 44.37448600000016,
            "n_ms_wasm": 27.71868600000016
        },
        "o_run_8": {
            "n_ms_native": 44.136171000000104,
            "n_ms_wasm": 27.554729999999836
        },
        "o_run_9": {
            "n_ms_native": 44.27850600000011,
            "n_ms_wasm": 27.625272000000223
        },
        "o_mean": {
            "n_mean_native": 47.01231620000001,
            "n_mean_wasm": 29.403282900000043
        }
    }
}