{
    "o_u32_elements_10_000": {
        "o_run_0": {
            "n_ms_native": 0.8901559999999336,
            "n_ms_wasm": 0.5925480000000789
        },
        "o_run_1": {
            "n_ms_native": 0.11532000000011067,
            "n_ms_wasm": 0.042751000000180284
        },
        "o_run_2": {
            "n_ms_native": 0.034124999999903594,
            "n_ms_wasm": 0.028094000000010055
        },
        "o_run_3": {
            "n_ms_native": 0.0348070000000007,
            "n_ms_wasm": 0.029927000000043336
        },
        "o_run_4": {
            "n_ms_native": 0.034335000000055516,
            "n_ms_wasm": 0.029726999999866166
        },
        "o_run_5": {
            "n_ms_native": 0.03283299999998235,
            "n_ms_wasm": 0.025078000000121392
        },
        "o_run_6": {
            "n_ms_native": 0.03455600000006598,
            "n_ms_wasm": 0.026419999999689026
        },
        "o_run_7": {
            "n_ms_native": 0.033404000000246015,
            "n_ms_wasm": 0.030828999999812368
        },
        "o_run_8": {
            "n_ms_native": 0.04131900000038513,
            "n_ms_wasm": 0.025368999999955122
        },
        "o_run_9": {
            "n_ms_native": 0.042590999999447376,
            "n_ms_wasm": 0.037972999999965396
        },
        "o_mean": {
            "n_mean_native": 0.12934460000001308,
            "n_mean_wasm": 0.08687159999997221
        }
    },
    "o_u32_elements_100_000": {
        "o_run_0": {
            "n_ms_native": 0.8886129999998502,
            "n_ms_wasm": 0.35286199999995915
        },
        "o_run_1": {
            "n_ms_native": 0.3915460000000621,
            "n_ms_wasm": 0.146940000000086
        },
        "o_run_2": {
            "n_ms_native": 0.22752300000001924,
            "n_ms_wasm": 0.13483700000006138
        },
        "o_run_3": {
            "n_ms_native": 0.23088000000007014,
            "n_ms_wasm": 0.13724100000013095
        },
        "o_run_4": {
            "n_ms_native": 0.22914700000001176,
            "n_ms_wasm": 0.13130999999998494
        },
        "o_run_5": {
            "n_ms_native": 0.22600999999986016,
            "n_ms_wasm": 0.1342050000000654
        },
        "o_run_6": {
            "n_ms_native": 0.22613099999989572,
            "n_ms_wasm": 0.13776199999983874
        },
        "o_run_7": {
            "n_ms_native": 0.22575000000006185,
            "n_ms_wasm": 0.13479699999970762
        },
        "o_run_8": {
            "n_ms_native": 0.22800399999960064,
            "n_ms_wasm": 0.13549800000009782
        },
        "o_run_9": {
            "n_ms_native": 0.224898999999823,
            "n_ms_wasm": 0.13087899999982255
        },
        "o_mean": {
            "n_mean_native": 0.30985029999992547,
            "n_mean_wasm": 0.15763309999997546
        }
    },
    "o_u32_elements_1_000_000": {
        "o_run_0": {
            "n_ms_native": 3.849153000000115,
            "n_ms_wasm": 3.2128609999999753
        },
        "o_run_1": {
            "n_ms_native": 2.5561899999997877,
            "n_ms_wasm": 1.2579670000000078
        },
        "o_run_2": {
            "n_ms_native": 2.253703000000087,
            "n_ms_wasm": 1.3365860000001248
        },
        "o_run_3": {
            "n_ms_native": 2.2709970000000794,
            "n_ms_wasm": 1.3500729999998384
        },
        "o_run_4": {
            "n_ms_native": 2.1915039999998953,
            "n_ms_wasm": 1.2664429999999811
        },
        "o_run_5": {
            "n_ms_native": 2.1891310000000885,
            "n_ms_wasm": 1.271793000000116
        },
        "o_run_6": {
            "n_ms_native": 2.167258999999831,
            "n_ms_wasm": 1.3144639999995889
        },
        "o_run_7": {
            "n_ms_native": 2.166548000000148,
            "n_ms_wasm": 1.3645489999998972
        },
        "o_run_8": {
            "n_ms_native": 2.1938199999999597,
            "n_ms_wasm": 1.3118890000000647
        },
        "o_run_9": {
            "n_ms_native": 2.158582000000024,
            "n_ms_wasm": 1.2584579999997914
        },
        "o_mean": {
            "n_mean_native": 2.3996887000000013,
            "n_mean_wasm": 1.4945082999999386
        }
    },
    "o_u32_elements_10_000_000": {
        "o_run_0": {
            "n_ms_native": 38.470040000000154,
            "n_ms_wasm": 34.7428789999999
        },
        "o_run_1": {
            "n_ms_native": 22.14273400000002,
            "n_ms_wasm": 16.695386999999982
        },
        "o_run_2": {
            "n_ms_native": 28.415444999999863,
            "n_ms_wasm": 15.683438999999908
        },
        "o_run_3": {
            "n_ms_native": 26.346513000000186,
            "n_ms_wasm": 13.952610999999933
        },
        "o_run_4": {
            "n_ms_native": 29.801745999999866,
            "n_ms_wasm": 14.166048000000046
        },
        "o_run_5": {
            "n_ms_native": 33.67482499999983,
            "n_ms_wasm": 13.932652999999846
        },
        "o_run_6": {
            "n_ms_native": 25.751168999999663,
            "n_ms_wasm": 12.636344000000008
        },
        "o_run_7": {
            "n_ms_native": 25.816111999999976,
            "n_ms_wasm": 12.513818999999785
        },
        "o_run_8": {
            "n_ms_native": 25.984652000000096,
            "n_ms_wasm": 12.383752999999615
        },
        "o_run_9": {
            "n_ms_native": 33.203043000000434,
            "n_ms_wasm": 12.961862999999994
        },
        "o_mean": {
            "n_mean_native": 28.96062790000001,
            "n_mean_wasm": 15.966879599999903
        }
    },
    "o_u32_elements_20_000_000": {
        "o_run_0": {
            "n_ms_native": 73.80907500000012,
            "n_ms_wasm": 53.02524900000003
        },
        "o_run_1": {
            "n_ms_native": 44.065610000000106,
            "n_ms_wasm": 32.359567999999854
        },
        "o_run_2": {
            "n_ms_native": 64.79908,
            "n_ms_wasm": 30.29501500000015
        },
        "o_run_3": {
            "n_ms_native": 48.91129100000012,
            "n_ms_wasm": 29.007752999999866
        },
        "o_run_4": {
            "n_ms_native": 49.825423,
            "n_ms_wasm": 26.457434999999805
        },
        "o_run_5": {
            "n_ms_native": 49.278029999999944,
            "n_ms_wasm": 25.87322200000017
        },
        "o_run_6": {
            "n_ms_native": 49.25354399999969,
            "n_ms_wasm": 25.459423000000243
        },
        "o_run_7": {
            "n_ms_native": 49.40611200000012,
            "n_ms_wasm": 24.750601000000188
        },
        "o_run_8": {
            "n_ms_native": 49.346528000000035,
            "n_ms_wasm": 24.73909999999978
        },
        "o_run_9": {
            "n_ms_native": 52.702952000000096,
            "n_ms_wasm": 24.638789000000088
        },
        "o_mean": {
            "n_mean_native": 53.13976450000003,
            "n_mean_wasm": 29.660615500000016
        }
    }
}