{
    "bytes_10_000": {
        "run_0": {
            "n_ms_native": 4.643048999999792,
            "n_ms_wasm": 3.8203880000000936
        }
    }
}