{
    "bytes_10_000": {
        "run_0": {
            "n_ms_native": 4.184329999999818,
            "n_ms_wasm": 3.942610000000059
        }
    },
    "bytes_100_000": {
        "run_0": {
            "n_ms_native": 25.221011999999973,
            "n_ms_wasm": 21.771132999999963
        }
    },
    "bytes_1_000_000": {
        "run_0": {
            "n_ms_native": 262.00934700000016,
            "n_ms_wasm": 75.35643500000015
        }
    },
    "bytes_10_000_000": {
        "run_0": {
            "n_ms_native": 2897.811383,
            "n_ms_wasm": 855.8797280000001
        }
    },
    "bytes_100_000_000": {
        "run_0": {
            "n_ms_native": 19665.754863,
            "n_ms_wasm": 7522.035690999999
        }
    }
}