{
    "bytes_10_000": {
        "run_0": {
            "n_ms_native": 4.385334000000057,
            "n_ms_wasm": 3.898051000000123
        }
    },
    "bytes_100_000": {
        "run_0": {
            "n_ms_native": 42.9554599999999,
            "n_ms_wasm": 24.15642200000002
        }
    },
    "bytes_1_000_000": {
        "run_0": {
            "n_ms_native": 261.2035189999999,
            "n_ms_wasm": 75.26682899999992
        }
    },
    "bytes_10_000_000": {
        "run_0": {
            "n_ms_native": 2941.5283219999997,
            "n_ms_wasm": 854.3769530000004
        }
    }
}